IDdoCliente,Nome,Pa√≠s
1,James White,Taiwan
2,Michael Wyatt,Zimbabwe
3,Jason Novak,United States Virgin Islands
4,Sandra Harper,Bosnia and Herzegovina
5,Michelle Davis,Moldova
6,Matthew Smith,Solomon Islands
7,Danielle Herrera,Micronesia
8,Stacey Palmer,France
9,Nicholas Fox,Namibia
10,Andrew Kennedy,Togo
11,Olivia Burgess,Barbados
12,Erin Serrano,El Salvador
13,Glenn Butler,Martinique
14,Alexandra Cortez,Albania
15,Jack Booker,China
16,Tasha May,Germany
17,Malik Richmond DVM,Saint Vincent and the Grenadines
18,Kayla Arnold,Namibia
19,Christopher Mckay,Australia
20,Elizabeth Fields,Antigua and Barbuda
21,Travis Gutierrez,Denmark
22,Nicole Williams,Bahamas
23,Matthew Jennings,Spain
24,Jane Murphy,Reunion
25,Timothy Robbins,American Samoa
26,Caitlin Butler,Cyprus
27,Katherine Perry,Gibraltar
28,Jessica Rice,French Southern Territories
29,Jonathan Watson,Nepal
30,Timothy Robbins,Namibia
31,Lisa Landry,Martinique
32,Amy Cruz,Cameroon
33,Danielle George,Bulgaria
34,Marvin Marquez,Norfolk Island
35,Garrett Wright,Belgium
36,Sara Webster,Mali
37,Stephanie Green,British Virgin Islands
38,Francisco Miller,Monaco
39,Michael Bryant,Sierra Leone
40,Derek Daniels,Timor-Leste
41,Lindsey Bailey,Jamaica
42,Darrell Wang,Sao Tome and Principe
43,James Campos,Swaziland
44,Amanda Williams,Russian Federation
45,Barry Green,Mozambique
46,Madison Williams,Japan
47,James Lutz,Afghanistan
48,Jacqueline Mcintosh,Estonia
49,Kathleen Nelson,Albania
50,Robert Davis,Italy
